Error,TV_B1,TV_F0,TV_HAF_1,TV_HAF_2,TV_HAF_3,TV_HAF_4,TV_HAF_5,TV_HAF_6,TV_HAF_7,TV_HAF_8,TV_HAF_9,TV_HAF_10,TV_HAF_11,TV_HAF_12,TV_HAF_13,TV_HAF_14,S_1,S_2,S_3,S_4,S_5,S_6,S_7,S_8,S_9,S_10,S_11,S_12,S_13,S_14,S_15
0.308657536901787,5.17132175093206e-07,1.09718886144026e-07,4.95561941856791,7.61589873090158,7.35094028523788,9.17585358627253,3.90194957157253,5.99695155249402,4.62598442025726,4.51847500898906,5.76030911459869,13.6038705323651,12.5044121454557,9.31592039364301,14.8664484363528,13.8887448259124,0.00551984290989116,5.11006077398384,0.484376541337137,0.223532362723686,0.127418885142411,0.0836603624753321,0.0613473516960373,0.133728452484945,0.200381014841692,0.413907345454004,0.117227351525206,0.114318828728788,0.284981934918839,0.209714754411965,0.131890472750145
0.456357743750826,1.0449344567552e-06,2.29825321316172e-07,9.14959467317874,20.8308640155371,17.2211446076872,13.6828182006116,8.95843444377176,8.43080549557996,6.77622990640228,4.39487380874815,14.3367609392252,18.1038405750042,10.5954089016898,11.1859475417321,14.1936484642166,19.5096271480971,0.00865617823687588,2.07059780967309,0.28591097029389,0.082379133275649,0.0464443883316015,0.0404325228784262,0.0505809725249401,0.0912879646496587,0.226413156564797,0.364076731013818,0.06813761877543,0.121850367860341,0.160949263022902,0.193671601972058,0.0835908082708117
0.334424496676162,5.6056786077964e-07,2.10713909855524e-07,3.84013691066663,10.7763210191532,9.11336186064438,15.6671877095844,9.44095879342343,6.99335873086784,18.7218016535794,16.0710274591441,17.4893787370796,28.8412209086628,26.1442196162909,31.0563198335274,31.6516611788804,28.7350341266866,0.00595646259968995,3.67445891192752,0.400548048404821,0.16783808145793,0.0556192632754039,0.0446366309071697,0.0441825718484321,0.0729560091101401,0.0967608868844771,0.334917987793572,0.160592980105806,0.141104225778713,0.116983513255726,0.147312231895251,0.097421143571571
0.349419361297746,6.92025351698491e-07,1.44178745692485e-07,1.08912201325347,2.77001434211766,7.09863180639427,4.48741489229636,9.54161484443797,6.46738131639095,4.93776232765787,7.39983308547143,7.00979716344796,7.27685094351,12.3879483062404,9.40248644743173,6.79236280030976,9.65780510452475,0.00812366444020747,1.9699177227046,1.71880104982529,4.08049896159846,1.5038175441922,0.440136081309705,0.329525694891019,0.206149010662081,0.0839113039201937,0.0960163543315242,0.0910295137894119,0.0665010112659001,0.128236987828713,0.389255717568789,0.539266095048647
0.398298011447756,3.15513786860222e-06,8.61544550745355e-07,4.36408955901359,4.54142080926637,6.71949643249911,11.367425697027,10.7494849901514,7.48411101641411,25.2482417149633,5.79557347480723,16.1444555837601,5.36068456309202,7.34484053476604,11.650217514056,13.5704736430966,13.7742411008037,0.00705874581360457,1.74859283299158,1.92826618485149,4.44943323957976,1.04711227507066,0.332456699807509,0.201005582074397,0.0882246132663284,0.113974953010715,0.0505864325834981,0.0604328100343561,0.0504993598004393,0.0665731695230738,0.0909982614014937,0.190074977844982
0.305728092545654,1.80818074272435e-06,2.42551424088414e-07,1.06490707235451,2.02358279410105,3.0480612120828,2.69908162027961,4.55319346495822,2.25954456698158,11.7953439134163,3.3710730593094,4.28088759415325,5.34064927399931,4.15956227406484,4.4463407209682,6.70173935594291,6.59310587161031,0.010823855811446,1.88210491146736,2.22918067576307,4.18824994614024,1.31966488888431,0.360065097811316,0.358413889242749,0.117893827868595,0.131069809849082,0.094769481853709,0.0685071654501129,0.0817628315525801,0.0875177524427619,0.159636811673592,0.341853662989498
0.554840924104023,4.53932980577003e-07,1.16831585831808e-07,3.94260276370755,10.5192516056903,5.32807615350305,5.35949709515299,164.319056767193,18.8321633677094,198.183868945189,337.471635568231,11.6371676188333,87.6040137432557,35.7597559618155,19.2698090739539,21.2286268821324,23.0817478334338,0.00726701238703495,1.80703957271816,2.25875079512625,0.136698206135451,0.0554622778894525,0.00583757455169557,0.0154644272059034,0.00112001877528384,0.00211687821862499,0.0993066542022732,0.039975656508689,0.0700686654005539,0.144385173822584,0.1894791598484,0.197117531473156
0.323754187440483,3.77323156075519e-07,9.40979111869351e-08,2.38325469124014,2.95570991638271,2.68161996159235,2.04142865945434,2.33944136610714,4.01585779532995,3.01433794297566,2.72080007817366,2.9922772902995,4.82304542580385,6.04939991641121,5.06053845337107,6.32009449249197,4.1431545976112,0.00935997909625993,1.18251218692713,1.87642206308861,0.103435289051815,0.0543514457822805,0.054805064366132,0.029131360722291,0.0579749664406534,0.0858419344268591,0.141749078599101,0.25770890242573,0.0568482944628366,0.0781243298116264,0.106673890040605,0.17420866942815
0.206050680608456,4.73417609077555e-07,8.66248351898202e-08,2.46110954953852,2.85527214507457,3.09910535364618,2.30517066009885,4.09960984150423,4.96299332766878,4.23602326492225,4.23799895471891,2.88827651426747,3.82890613255718,5.76038908319213,5.33226071392577,4.20142713552929,3.53147574811448,0.0114537168004324,1.09267575637909,1.9946363787402,0.0977804759127781,0.0703381056803854,0.0472876876226337,0.0241827271574142,0.0752549169544942,0.0750743917435079,0.143278051465562,0.222544965793349,0.109389605295185,0.147472798669536,0.198956545838232,0.217375982362861
0.149487686805255,1.03957845528128e-06,5.4342178012062e-08,0.487381696577545,1.23309799432009,0.925076100616948,1.07574323661084,3.30364734121856,1.70385619955627,1.88360437131562,2.07820748711122,3.31496379781943,1.81313886530608,2.76031622865494,4.94622970615782,5.82405086879648,4.06142492288572,0.048304642580845,1.53524958669866,1.78089199245562,3.65214491913859,0.993686956444286,0.174321667189662,0.228135779236267,0.129481985627527,0.111831424829914,0.0940211648686619,0.246746612223096,0.479114503644627,0.181762009854457,0.124499195729608,0.1732309913052
0.12512574010935,1.19076482607305e-06,5.13896611940395e-08,0.899932262657893,0.832937294305965,0.668555882970785,0.809001138469108,2.90243463475889,1.8201554833287,1.29105102870631,1.56393671141072,2.18543086047219,3.82422736594684,2.13487749058948,6.04909718401802,2.61952235608703,2.63574687558521,0.0486222696938241,1.51376810080364,3.02714386954719,1.25931539414889,0.227867872665273,0.0513618594289071,0.116765050916296,0.0786009346359966,0.0891538745149131,0.0595174784278159,0.117104151099628,0.317948121091398,0.0851657224722418,0.142766352120778,0.168817568787044
0.0994461861503863,9.98949494187614e-07,5.376258798876e-08,0.910961291218999,1.31786181067199,0.964410046282361,0.844564320183097,2.92711949179966,2.93955058998841,1.83149394151065,2.19254932350426,2.59745355275119,3.14181923529849,2.65695675359598,4.90331678207118,4.8003936792651,3.07918814977013,0.047333131780121,1.30787955686425,3.29208011621651,0.794071515524548,0.177046097579892,0.0897794818121292,0.055427041658749,0.0410247503170586,0.0553219085025429,0.0457683395964842,0.130716606899172,0.284447904375697,0.134728407671813,0.0950981351847202,0.112785267794792
0.386773133490332,7.55384762608833e-07,1.93030443784241e-07,5.12453051926409,17.1346155410652,21.6688064231807,429.984320432757,198.442856298636,280.152270699212,59.8016595316533,72.8691083937785,478.388086372919,6371.62761307363,117.905112126342,144.961737267038,112.274846559024,80.1526718204813,0.00977442575257458,1.68719505302559,0.164525913113325,0.0299975329298366,0.00207128256641488,0.00305670362168225,0.00127710116875024,0.012186582133779,0.0178849180352668,0.00432827483380795,0.000870834521444996,0.0265232348096787,0.0174878733631601,0.0654496936172796,0.0308908739199295
0.385725002556668,1.07440001800803e-06,1.87581509143965e-07,6.92590640291305,18.5063641955782,37.1724285348588,32.9304723869571,123.043706858715,78.8559101962495,31.422187157539,35.0418316525411,51.2730117063432,46.820422974746,47.7310606822053,160.123172686742,82.5092627661752,39.4274229538946,0.00701135580248326,2.60057746048735,0.0674445294651241,0.0191331912499063,0.0158074139447233,0.00326026921686351,0.0069538893540184,0.0194236225393672,0.0324758079577692,0.0371153751469629,0.0527335146256522,0.0841744027699664,0.0106604510069998,0.0294323541182593,0.048118709987891
0.384838233585671,9.39643122152473e-07,2.05844306499751e-07,5.3315552828133,11.2653811759493,12.6673562416511,22.8614875344835,36.228627974086,185.734282904003,49.0666093419715,278.144748693825,21.4641348474788,40.1691607316807,38.116990606334,56.7707760808525,38.9364658268753,42.5513762253984,0.00714589759378673,2.50917700982727,0.320346983205147,0.0344620544816889,0.027677811834466,0.0106651847437123,0.00238418242907648,0.010190832935269,0.00548300600977509,0.0558993348209316,0.0698113563622796,0.0815054518568204,0.0757695965404273,0.185824426960804,0.0797655305784184
0.532287573009602,1.56970647140397e-06,9.79718506485999e-08,11.455593821825,33.5334705995524,49.1268792567779,31.3678972049733,59.8107888740146,73.7388742014586,59.342673598306,118.666767943614,44.1833775526428,47.3536094126126,76.3418637185367,125.808018627189,291.15551740601,64.3019002796276,0.0119105536937824,5.58863969005783,0.906915488384835,0.310013970649616,0.209728644295431,0.120667820393664,0.142625729020076,0.211232190269536,0.0516183305011558,1.06497914749436,0.529563919713289,0.513994135078066,0.0481110085215393,0.0202191044699974,0.0309858976463673
0.611430604765977,2.00223579666558e-06,1.2562871667008e-07,7.87408020959254,21.4242331913589,19.5753377090281,34.6352147808386,50.2095681856958,38.1563641426496,104.84458510318,502.784434202772,618.000381663836,154.081826178093,944.840123650639,525.593529706532,94.1184362450386,984.346793247849,0.0147985525404942,3.69642006320026,0.896844695834619,0.402777419063154,0.103153336453131,0.104333081166277,0.100710912544434,0.0474682222501688,0.0210821789097612,0.0912615444466223,0.125804254859419,0.0204494620748982,0.00826915395136901,0.0628294924442344,0.00231314233225121
0.624961206147122,1.86541975929416e-06,1.26866124177172e-07,11.7229252435905,35.4564820319691,26.7078576411105,19.5716825973867,95.9303609971507,74.3752947569281,36.4269292644829,32.9931657259349,35.0203888005664,390.777666294958,326.798086589193,155.255803794225,412.589901949746,319.952442524807,0.0118795016918927,4.42251816744682,0.444927975218219,0.461910371640532,0.173666841150491,0.00534946641368272,0.0471366989397193,0.0868440482840983,0.662766191796562,0.834751147450902,0.0492323114126122,0.0014286848239905,0.0247370330225541,0.0137216948226339,0.0106762976532648
0.507834212211103,3.07583914297621e-06,1.52613120877193e-07,13.2615834175264,26.7471528575422,18.6948660381566,208.287168939146,50.9647941957547,53.5838323520878,94.0642995540574,1471.22262989168,246.044351901001,111.902734679165,132.703931252561,1520.85135430498,213.446314116901,148.263300794423,0.0182580505773577,6.34905947431887,1.33771772128848,0.174118539348822,0.0297705729875792,0.0415559844835373,0.117243416462133,0.156915751305164,0.0347873098949075,0.117474434315653,0.162114029891767,0.0296323610033698,0.00469071468069764,0.00875151378017926,0.0472530291873052
0.436049223341298,2.72443760345428e-06,1.54258382185569e-07,10.2130522621984,15.0800596233741,11.640593426645,51.6530682721564,669.744589887227,18.7696289430702,29.1076422364905,21.8651369900648,103.881541680608,51.8956960719068,36.8680695086275,25.8980433544257,33.9336534263874,64.0201069950308,0.0155150720827054,7.64025425463931,1.64667674472864,0.131474233362272,0.0766348890714255,0.00969371272959759,0.264863179092982,0.62203147772743,0.732781407616031,0.095735690776295,0.209000577043876,0.148328620759661,0.0676910205289896,0.0407757116597471,0.0971870688753072
0.442495728560253,1.88793568353278e-06,3.09283121294496e-07,4.94594276354146,6.09744278062643,6.79705114457113,10.3208480554209,17.6779514420341,17.7418313658178,106.116582246116,152.956682901255,56.8001901379125,82.2416605050713,1153.55123407516,35.3447639024913,496.758355702425,51.5331634787381,0.0103338895185846,11.4773473442677,1.36361968173396,0.631299869291075,0.257005947840567,0.211394877184801,0.356213556618663,0.145420637767338,0.063984203919549,0.194349831649594,0.0846471146244191,0.00245531257447674,0.0378049011416753,0.011214931558627,0.385384338062633
0.35765845330011,5.4929521827103e-07,1.80568712278102e-07,1.99687767610367,2.29608675412665,3.78804233793931,3.74471365975448,4.81847062116775,6.29463657180007,4.38112851570086,6.84286482992923,8.45206756354914,10.9126320109764,14.9303737619892,22.1508735009001,160.34934376803,36.1858227215267,0.00428381659767575,5.16204227338817,2.14269303991465,0.534615493872437,0.095941973681483,0.0805976637152023,0.0491728388723637,0.0904454974687543,0.116002978568277,0.154358815893495,0.33769520276799,0.900099850018593,0.583887549346463,0.0217896501778172,0.476204260367795
0.177958301164305,2.54985063958091e-07,1.01900662841184e-07,1.48551402985894,1.48213193100942,1.84975442126721,3.00559904579855,2.37869077545301,1.46197214394227,1.48179853378539,2.12940041897529,3.37000352651246,2.32767897022731,3.00756920043217,3.96078382930112,1.97678470357368,3.34209379802936,0.005003254010247,3.77535101576566,1.44541263751797,0.369965950299635,0.0705596010441518,0.0455738000957197,0.0411343023541675,0.0645652054187251,0.128141310337153,0.139795513461877,0.604542895139094,0.982715538755547,0.478824672107405,0.412375480444223,0.871415169832339
0.156023824735406,3.52649350331055e-07,9.74549218860283e-08,1.09988879441191,1.45022061996652,1.7328615933737,4.87899054177999,1.82321161277436,4.69143464971514,2.30613184086625,1.99085977600156,4.54051713784763,2.23119653947721,2.39303396851903,2.11226319746223,2.64152875769572,2.24492145115809,0.00692586354910522,3.94713701118157,1.2455031760859,0.381032202633467,0.0518783300543206,0.0513202651940459,0.0219966477817332,0.0576913270583079,0.146789226858604,0.099501295370636,0.297842960931054,0.686775483581283,0.675383202059758,0.394499373763617,0.838723887461508
0.150535737511797,3.66446091880233e-07,7.02852437844669e-08,8.85091371631901,3.27084692668056,12.9954870481922,12.5593423003784,25.9661093134548,14.8723310494803,18.5824902325469,14.449742805235,25.859787265198,42.1467057722324,67.1714027153623,137.906978112945,47.2915077998096,82.1896349221151,0.00790448791435274,0.149242429799531,0.220044650003924,0.00341657362479071,0.00571371336576781,0.00196510710841301,0.00538421798602482,0.0044747058689228,0.00421793592386506,0.00600943631065179,0.0155703805946062,0.0065470152670948,0.00124497641098896,0.000800165704781987,0.000129101041166685
0.18042138833051,4.91730363028067e-07,7.281153770509e-08,5.19089111889961,4.49695214757482,38.122398203846,9.00973630954303,12.0738220267719,9.00237867910062,18.7719187147915,20.1015131154009,16.3265344050069,17.3843927906966,33.3323361147436,53.5966959393958,64.25623963036,133.067796160404,0.00918921477000198,0.139618726292041,0.219783917248682,0.00162942526542842,0.00726268423720947,0.0034677984695605,0.00693848766015741,0.00332701570652352,0.00294770357600488,0.00869481267082979,0.0378237800059089,0.016103772920937,0.00319271115890822,0.000659173766753026,0.000131927087497194
0.161341952337933,3.256285516909e-07,9.32030285245915e-08,2.84124048429282,3.80806149015991,16.2708902891542,18.8354137258069,4.54155737410122,8.26309485728274,17.0320355772442,10.5499965605784,10.1678852293912,14.6942415586918,21.4586084045312,30.8730741839694,35.7840655033235,53.3902052003731,0.00403002926358448,1.16133096193307,0.208553102828939,0.00995873670605668,0.0126144350649077,0.0274340428711052,0.0262312527823798,0.00777688310092559,0.0306254409920568,0.0770428204625265,0.138095487507749,0.080395973342068,0.00900289173460517,0.00309982712790982,0.000696458740713052
0.205978769138053,1.69112614595974e-07,9.59655255285504e-08,0.717261143004193,1.80164899417385,4.19266953789808,3.36806748088667,2.67175064708531,2.96321089332604,32.3304522133159,4.10324641468823,8.09364520998371,12.4260802234249,9.03537272468943,185.639353258397,112.996444051842,21.9564397122565,0.00252306951783165,1.15617236255403,0.524723037726636,0.0767895286649675,0.0667725194123949,0.031764495925034,0.0320314114641476,0.00565671152242723,0.0232873398571515,0.0155673905619486,0.0144544594977243,0.0370717472423338,0.00870320465251018,0.00744406490246185,0.0300390378504543
0.226887217647633,4.05522816564607e-07,8.73799844943792e-08,2.22109834887056,2.05506958994937,7.63828497858528,4.44491318082026,2.99415338369766,5.00507594140174,6.65775886058057,5.28833677999455,12.2879408438743,7.76381374386068,8.25525231954328,15.4355616160988,7.90155360948342,16.1899966487814,0.00785202624925574,1.19066511315375,0.6457093313849,0.0353145220201955,0.0542278785785666,0.0384503040907457,0.0216591178963451,0.0269834106377064,0.0600624895742776,0.0381801788563156,0.390234799091674,0.202128205598966,0.098621600808465,0.302492482221234,0.0249298864990348
0.182238960383752,3.5090845846727e-07,6.52926912378299e-08,1.57367234539521,1.2132262750775,21.4785676475138,4.5167282513716,3.5980005494449,5.29488960134974,5.41633943468223,6.45716543355817,7.60462233618929,6.40229107619447,11.9255879365375,13.3294347886425,13.806573589283,18.5243482120847,0.0100282045689878,1.46917718005237,0.392603404406055,0.00580415258613585,0.0329234238215075,0.0298925801470006,0.0164532448015886,0.0327064502217585,0.0397095439726239,0.0790518488009873,0.309699402071358,0.150004270859068,0.0937577626638409,0.0693091693556212,0.0472360193032382
0.659320260019118,3.58629541170029e-07,1.80463671501642e-07,34.4516183560634,23.1408530179415,34.713683330724,26.6264047662892,30.2939372706011,135.750123383921,40.7221919678176,50.9196038773677,42.9295095058926,81.7237284917839,55.4249267992245,66.6203122975788,98.8749498399094,185.864029436761,0.00134478936956271,0.158137649047651,2.17347320446318,1.23088431689325,0.540533367487293,0.297802939287409,0.0466381160456039,0.0354911348036817,0.0328192204874942,0.0365010755737701,0.0408168373328971,0.0282236935961026,0.0599709475981267,0.120248951843463,0.110231090375091
0.471404894447469,3.61218203996929e-07,8.91537443508736e-08,2.35889951387488,4.18943599486234,22.703644459758,46.6932676692532,57.620938792969,12.5961310810684,125.874435212924,15.1644796552406,14.901397348174,9.36098256226285,5.62610448417662,12.6493506794184,7.32525212566162,6.63322542588228,0.00377200784858122,0.0485587671809222,0.159315949092593,0.127022334780214,0.0113147305333829,0.00519585001137148,0.00615138730159425,0.000725194173075043,0.00194512942745527,0.00109980761757163,0.00195711577219419,0.00432045082980207,0.00146810038483726,0.00542396051636065,0.0113588843439129
0.481335837279734,2.91797619949335e-07,1.55731249076957e-07,7.17452587175593,5.60993706558571,5.79327552762677,7.18754666658056,8.44164604422811,10.6259964838811,31.8376260687069,28.3880810780039,83.3831285845862,42.5857003895063,49.8357449676744,22.7245707427916,88.6898043797621,61.3078495361071,0.00181297167141669,0.821770489975486,2.43354053103374,2.91726989250323,0.554187405971931,0.242706073027856,0.0951762023802095,0.0657564038031951,0.0420710104733612,0.00501715393464958,0.0237004485317981,0.0352969868878904,0.0491286834193636,0.022664504931361,0.142887038483853
0.51077570117728,6.49710251432015e-07,9.4565082422066e-08,8.92588300738436,6.3158160343134,4.9718008415688,8.56368401624903,26.9275928802531,20.881242681226,35.2654988366552,22.4824360305261,17.7649159440367,24.1827412904265,32.1454288490589,50.7187393237646,39.3381777126412,41.858157147936,0.00620339456107818,1.86110249639302,0.372121382895276,0.183420996113477,0.13438954911696,0.0188760590814022,0.0251772926375809,0.0246398069227568,0.0573692999318621,0.327974591002333,0.642946696503342,0.183780178169895,0.0648886045551468,0.166714184911179,0.0698173991539908
0.45978573319514,4.39188774029574e-07,7.84295762873208e-08,6.03725661263221,3.93030310924479,2.81180041518655,3.58794422713994,7.43022035765241,9.14864658796255,34.2880125455928,17.7214360317488,8.58202549073827,18.5251537151466,23.5135400041331,18.5387964077122,18.0689384085688,37.3289635589286,0.00656912404998462,2.10743196437189,0.410921315000972,0.171196659794689,0.119022176214693,0.0353746762403237,0.0240838769260142,0.0119895943210824,0.0884598685982549,0.526407585210124,0.580189021326413,0.219886762534742,0.410232339953203,0.233181705052287,0.0567034641247122
0.456357280695419,1.83046218758479e-07,8.74082652088086e-08,7.54110582796998,1.65140295886369,2.39757665415791,4.87903857496694,4.33227243768062,4.80632410523533,5.73820096870218,7.23357693785012,6.94562821897428,3.11407723183268,5.85509673346507,6.37578609916725,6.8235129862932,9.21170476074856,0.00410289256127846,1.49522222813863,0.919897341351516,0.400730543056699,0.180027716523556,0.105475374952948,0.107474977655834,0.180978686025781,0.211358146414813,1.86234422840633,0.865577114446051,1.14389592670378,0.74609442987311,0.345088186531009,0.198017679089149
0.644699317170579,1.12103792906077e-06,1.06824942817079e-06,10.8362391614414,20.1949599793236,46.1857138077924,161.911143982818,284.458023290342,422.829196713589,75.4803850710487,81.0176406794712,113.086964640508,68.9956372983796,140.93678985641,145.859556191883,214.2188878636,140.537752420857,0.00182696952750173,2.55303412462526,1.29842979197996,0.353656514578685,0.141756070038067,0.133501703977942,0.0839122091900928,0.0888654242430153,0.320009581769148,0.14957494913434,0.16142066845885,0.121447824055503,0.0946629030831305,0.0618026346788497,0.0537083048795562
0.452414185960561,3.17312844036656e-07,1.16798844731355e-07,7.50220767170688,8.40479483591223,14.1826639033941,29.5615894937729,24.0671828502871,22.5273323883902,29.1866834851283,30.6228764078285,50.0052326258581,33.5919576527255,162.445529645937,128.755221986307,118.26283563663,121.728092783346,0.00309604805937714,2.11927031955845,0.878809795974732,0.385701364738925,0.046217659869031,0.0867290169307387,0.104848165731303,0.175144243494617,0.302554589217793,0.434138994673621,0.315678508326514,0.0464709222895028,0.0751342337119622,0.0536630310835442,0.0177569688755852
0.763259056059369,1.3173639822564e-06,9.02203987414669e-07,11.1040314999719,15.1224651207448,13.4066206712621,73.0198427630256,98.5732803011612,183.789824409466,103.627623056506,46.062412085541,72.7758293394801,91.7285797516287,88.3235998750776,74.664071815334,442.190000296164,159.009400243358,0.00294589849209027,1.46381775498254,0.395508125363843,0.182227218794106,0.02887283001487,0.0429372212934692,0.0244537011528301,0.042663887927844,0.248756389792704,0.0416734024618543,0.0340016755707433,0.0303149546654319,0.0410132232768459,0.00579996401163787,0.0094833061627578
0.338129539484197,1.56054448668727e-07,8.97184324788671e-08,2.17540492073886,2.03139589486203,5.44187915472042,5.19506294212731,2.95338888829466,5.99899649577139,11.2842071361705,5.25711290960877,6.99734588416882,6.76310572998345,12.5401482458068,15.566302162648,261.092728081275,11.9481748560925,0.00322247858585516,1.81846715773663,4.24772466734184,0.832169962006439,0.30420505750859,0.259866956013531,0.14394954255093,0.168387073824774,0.331343492945496,0.468339827540301,0.559610088638475,0.718841257626842,0.242531498889115,0.0127128834084849,0.187520115487997
0.388176691614229,2.17997303302972e-07,8.7906128096535e-08,2.82992482966927,2.09464952801244,4.11894067538461,9.85721751012333,6.86469054417459,11.3074963449321,11.7572155657843,12.7692221540949,10.8472543624378,16.3735648853758,11.1043779540217,12.4913614033304,16.5652099298232,23.3199298008241,0.00389944846340876,2.76202319582147,4.67341844005465,0.197428089177081,0.106383502304406,0.106107002526253,0.0924195163480377,0.0963602355220579,0.149827736736221,0.319792420039732,0.515314793804938,0.51107889736272,0.321967229109558,0.224782509221174,0.129038893538433
0.362947646497137,2.79220531863643e-07,7.7891017330535e-08,3.29017922376599,3.25839395565871,4.55377568213546,12.5296881684626,10.2875520733329,12.8677814885121,70.6823758616277,28.7734774728404,63.4488910030853,66.9392923123105,313.629020416396,93.710510940826,170.937893414187,177.361317682811,0.00481987612459265,3.16013547472389,3.82390358415754,0.298605776436671,0.149042236666618,0.0928153772314713,0.112127197406291,0.0265215842828642,0.102987095846517,0.0850632448183082,0.148406280851505,0.0406841053240991,0.0898794795219325,0.0375473649998624,0.0125627553599538
0.55345564819249,3.56524930966256e-07,1.17340613797205e-07,3.55611436864498,3.56781907378882,3.67535258204841,5.8880222783099,4.23894136747988,4.5173880665229,6.60663784855625,6.54362051444778,11.839185417922,20.6974393705875,33.1599532321303,17.2631692426156,41.2568772638462,31.6109566804653,0.00333846258858924,3.96074030709432,2.32576544151746,0.619467806596544,0.13018644240283,0.072027731328407,0.11282668956368,0.118068935652646,0.128139673602691,0.135137009849095,0.159602062937105,0.250022806388203,1.17241920236435,0.335717052289916,0.30260063442128
0.694438406996849,2.49911243764022e-07,2.15211324971886e-07,3.04076399116047,17.9826722738322,48.565735169182,98.8402909284627,232.082156216526,24.8326002027174,33.2575176846919,14.6642500075722,23.3665076039512,88.1253271651637,29.1908919611019,159.732803403425,29.8404678251,37.3151591980404,0.00246868430822574,4.10665797965151,1.1770744359165,0.0806434776764254,0.0123597819223116,0.00272402571933403,0.0314791936567371,0.0310867056955658,0.0587000041679952,0.0729493962079531,0.0510154413109484,0.267370329017495,0.0648337602946596,0.382840879368165,0.234727705963102
0.368771952653589,3.8505557144803e-07,2.51302121633859e-07,1.83449054726565,2.93845800759206,4.10109892852527,7.91829117893066,9.20291616187861,7.39292465227132,8.04602906431799,16.4454355924639,14.7559117826608,14.6658152874627,26.7793863959358,19.9068770700078,35.3566761803786,40.7093848193978,0.00229434346026734,5.71395755177158,4.62821317268665,0.795878375086769,0.210836806943647,0.0709368163347721,0.0916716223137345,0.119386269150952,0.101239678151576,0.175742440839974,0.203449992226014,0.516654413732631,0.615086466974024,0.266468330894704,0.153352872485526
0.143829976687911,2.79978473242815e-07,7.9024749831632e-08,0.892425565710265,1.46451019448925,1.99795176102053,1.38342915318091,2.03725695309144,3.29643433599064,3.27843054037339,3.52483130148291,4.18639293879441,4.42115044192329,5.81822692399333,5.66912029386326,5.25548564798601,5.67892388248457,0.00879336530269313,1.58263973041498,0.484565202767205,0.120130738915901,0.0487402515079698,0.0459663677804467,0.0196280832031767,0.0226018647946602,0.0522385117275914,0.0421384555228772,0.0727098972825848,0.117239328894269,0.214699271103119,0.147850955719915,0.104847508958605
0.215010568098355,3.6997036435217e-07,1.87725972356172e-07,0.997089093581123,1.89880003528781,3.93417945058198,2.90378522325278,2.55486692948995,5.30104309146983,7.75329678194375,7.93066917557605,10.7720528605089,10.2259018821801,24.8956853193636,38.6677644687419,43.844414352227,40.5081695208894,0.00735153622974822,1.70338455024287,0.520810010334257,0.0643757935516142,0.0473361853066362,0.0574465457617466,0.0180113307748437,0.0184807098171115,0.0338219666785993,0.0349407225685638,0.0665617812822507,0.0597303774296602,0.0406129207521508,0.0338532640675899,0.0283144184583564
0.159939756778644,3.9177909769815e-07,1.84388754887877e-07,2.24292886333254,2.95690329390375,4.3725833842045,3.46287964498204,3.6526434108347,6.07417862856261,5.47155022119392,5.93762330554759,7.5208761396283,6.18609417206884,6.49365708104173,7.03109124019276,8.18583806220623,11.2686768413593,0.00467473560522557,1.78010551276118,0.634490599418859,0.0984174231898903,0.040371391716256,0.0455143494048348,0.0257063851965639,0.024046483954108,0.0277493960797187,0.0405022991144522,0.0563370183835406,0.116582321134718,0.152673903708,0.160958509929588,0.14753678155388
0.469285722535768,7.44988242978373e-07,7.23186751137159e-08,12.9744330386982,5.5532230984383,12.5838664878737,16.7277129171702,29.8695375264404,16.6640139059276,337.44011837528,33.2688489401792,41.3617110618787,91.4803861508746,66.4915180929042,66.7575478178013,76.7172305924413,122.997867834967,0.0113874931917991,0.550131992636014,0.518566044073042,0.117619913693778,0.0519501299668684,0.0119286638741467,0.0183220993905388,0.0031925572905876,0.0831568186681337,0.15298881581503,0.115554973407362,0.11829970286589,0.110395096542028,0.0326607361001008,0.00451597469023812
0.303496252389591,6.2334089581388e-07,9.94685253571817e-08,3.40872814390717,6.17402836132028,5.87714650335728,10.5586248540606,22.4202660601803,14.2955637999955,5118.50654375234,44.22358339598,91.9432371570522,394.138027511071,150.258971152089,478.877094671063,114.819483560899,191.66693190684,0.00810402772881944,1.73548920328364,0.229389646311338,0.139534841418147,0.0422132973927674,0.01203155704264,0.0166205824851635,4.22122728539093e-05,0.0228806407805284,0.0205391529792956,0.0141984647934389,0.0387239810541437,0.0108029385139598,0.0585111729677417,0.0151719054250503
0.406888205377527,4.99270387710368e-07,7.26416497563824e-08,3.2289330101004,9.66577175063328,11.1992926212548,11.913994585872,15.8856824635378,10.5938834858679,2304.91657577956,29.0761365647824,42.756231730367,26.7958213339323,31.725863091329,40.2800381863842,13.5422954077984,37.9432341335642,0.0130621283198803,1.03586806507526,0.117474694395082,0.0535493626197214,0.0195232481180057,0.0108885439034933,0.0094260176582904,6.69398848214373e-05,0.0205645002021306,0.0367994657766473,0.122324138054919,0.096311726118933,0.0451107398719087,0.103700963402634,0.0107328196071581
0.17368718948237,1.70259131575679e-07,8.11721030838419e-08,0.96466148997244,1.14943182699189,33.3326985028728,1.40492844298841,2.09355061716018,86.1102719196757,13.8037650747352,7.21101952384684,27.3870120913208,7.18983013766824,11.7460085903871,23.1673572256019,31.9699793603267,2014.82586772537,0.00554112391555603,1.87207869379431,1.00940374764902,0.0261373939744502,0.101326823141339,0.0554010295304474,0.00120042568907553,0.00802163785287854,0.0162084410975348,0.00623617748569312,0.02592262379919,0.0325797698405572,0.0491544805626576,0.0739676517295102,0.000638175707734711
0.171691825221529,1.89988307379881e-07,7.19730118435547e-08,1.24426671915646,1.2774943592711,2.5241515411612,1.50768788043619,2.34166680624626,3.97982957663765,27.659752106828,8.25989125871697,4.66618810757137,7.07942508457085,6.60493200967191,6.29844024468968,8.57218057664795,7.38307235613373,0.00594006851056682,2.16497490755455,1.17914063538695,0.16891293471363,0.130154555631253,0.0758929134799037,0.0375003505209385,0.00399223276782085,0.0147848054377469,0.0320044634427138,0.032025920699669,0.0447930045255832,0.176087909949099,0.461733428613761,0.150409842848922
0.158400489947507,2.45389640936788e-07,7.32127759579925e-08,0.524699054141538,1.35914945058756,2.88300843879494,1.19909049064131,1.54108058948725,1.96897401105231,5.41687879235665,5.21047048218661,4.95119260631326,6.57012032458423,8.54268062180548,3.42902423785794,3.44105705641854,5.8238165965275,0.00979346752416837,2.10636421010179,1.13726854820484,0.17477285910182,0.133712899780112,0.101308739254717,0.052959142280075,0.0168977419193721,0.0202953308028871,0.030090172008755,0.0333902116550929,0.0508452220285284,0.263884477983956,0.386375221026441,0.159799398843779
0.324322491610585,4.02621966447066e-07,6.95437713569033e-08,0.42014857467181,0.563558255821737,1.00716196311092,0.72727791263935,0.838743882587,0.673736164157872,0.885619626808336,1.02019881849422,1.18499241349534,1.40867084965289,3.93067583358924,1.54710716279285,2.14637175268153,1.19637005351592,0.0101521002428802,1.64246098730148,4.03381856260852,1.4536374545153,0.387246657724019,0.129539533580748,0.147228760326662,0.127829239116649,0.0996575409663347,0.174825311112113,0.193263795315032,0.357635965813382,0.849871331280974,0.321885047990901,0.291844721459525
0.305679689697052,4.98328416540016e-07,6.55121054978133e-08,1.06632616098271,1.29146320602756,1.37409392200378,2.58795451567732,1.50973855342191,2.61421059567019,1.86720977783337,2.01972963111531,3.06228475674219,2.77070753666052,4.37063494207308,2.50231997046674,2.28513614998776,1.89042371198235,0.0201075978630286,1.39324184023589,3.39586640321598,1.94694289400763,0.302878374644043,0.14663589295276,0.17209296538708,0.174685221413361,0.114867946443216,0.246005378666372,0.646757773305383,0.67849909180519,0.2725447780709,0.215306990471962,0.229456763264257
0.326354393539122,1.12944413815901e-06,1.41048533386086e-07,0.94638139706654,1.04165362972957,1.10298533743502,1.90839692539412,0.979084286198583,2.25068695655765,2.47528850526344,1.70776996667233,2.23251552779379,2.53692396163771,2.42516429355217,2.36859357549842,2.93661289276994,3.1653124174241,0.030370464562274,1.2319670732308,2.84517638301343,1.47270759540093,0.17199161384977,0.150903224858155,0.157923912243041,0.178751044169111,0.18565572616445,0.444656461144884,0.844969422661967,0.220387506392178,0.205639748266796,0.187269869024592,0.216810508034505
0.595419747642151,4.3312361580355e-07,2.72212867345788e-07,1.30786800588981,2.97730904005525,1.95652765487494,2.16715000126998,4.92877842283201,25.4931701433068,13.1076463316465,5.0264983649015,49.7345314852507,329.582737818561,9.53660985805524,10.590653511168,8.27740782147859,8.26205953467064,0.00179922164735435,1.10686009892547,1.48236024005578,0.993592314813551,0.176220548718039,0.0752897185475701,0.0271430128037127,0.014811701743116,0.0220734784567267,0.003755224725008,0.0014373854553478,0.08618254818553,0.0904594041807558,0.0877320726423537,0.0923051889685119
0.237314299814647,2.22256927236513e-07,7.22075314674114e-08,1.39269365658465,2.75259397312249,4.45137375200534,3.23531162435001,2.06323619178733,3.94638847366526,5.89280042482224,6.0904369284722,9.65184348981922,8.42027885209287,7.29975071479129,4.49692423000161,5.72537436101579,6.02931830117005,0.00366301896339445,0.638075258336051,0.845016876313161,0.590600558034995,0.126522255947453,0.109507610726731,0.0500218508543638,0.019721387650338,0.0211916913171983,0.0229183440831165,0.059104286633966,0.178487010620229,0.180223489986579,0.167553235075859,0.130665304275556
0.238030713791987,3.30159242633989e-07,6.86828926497265e-08,1.737155662333,3.63656798072957,5.41006021318882,4.63148623520964,2.88711763539713,6.54903102797481,4.24471859321404,12.8817226282746,7.15632085895002,14.5058894283678,16.6739065602404,16.4618867024861,31.0708782387854,16.9849103991745,0.00646541974940523,0.741904897182748,0.885992562435545,0.466149509588816,0.0526887315452375,0.0702217236197815,0.0202005479686692,0.0661783764685058,0.0152114259970818,0.0399404201489534,0.0563499567387667,0.0884841636635185,0.0351857440162877,0.0263113547546,0.0674308112498744
0.459980689692162,2.04250847179452e-06,1.96103745405979e-07,47.6193542171625,85.4178578206168,39.5710698720155,170.730349215821,42.3678418544904,313.593182615852,113.229097917329,186.06522897284,69.1081392472023,7755.03751383616,154.279235037905,909.553816062642,4354.15896955023,447.327092005135,0.0198686444491024,0.0127813162806359,0.00574021362643133,0.0270149606241374,0.0116911680491605,0.0588144859861421,0.00126077005210029,0.00721395733220604,0.0026489317624734,0.00215931331732115,7.12168753479938e-06,0.000365135652494299,0.000103556256508442,1.38164505622704e-05,0.000135645659548131
0.773150737918224,4.19684576480176e-07,1.43947924484593e-07,4.19149359793863,34.9219656223962,10.3629416804137,94.8143833145788,23.486548947386,58.608180642367,24.7878403686171,19.3473498298833,33.5565765642467,69.7022389920226,62.0992559503797,603.724967337001,23.2767944054548,20.9917151176543,0.00305724770476157,2.7425955477945,0.958355645137327,0.0632572502874519,0.0139944534267013,0.0543430355697401,0.0535112677446638,0.241459808508071,0.387384269213384,0.107495154743874,0.0827909712628821,0.0758414289893479,0.00545356411855853,0.0399964043089626,0.0671225068748545
0.482372059922689,7.0457890443376e-06,3.38863533171303e-07,21.2666350726783,5.81663899561851,11.1451033076368,47.5856517834287,12.7922946841245,9.14781464708153,6.72298913684211,15.7859739937948,12.5712814940724,13.1952066146374,15.4176436493687,339.205556255645,67.0363905403819,37.4427366618514,0.0221959175792208,0.0114272419538037,0.186711957633791,0.101470240773742,0.0213798942719837,0.0128260555777702,0.00551895041270737,0.0125722478227682,0.00296864507366459,0.00172582967737456,0.00121523847575969,0.00148258524446506,0.000115592105202379,0.000323357665680601,0.000248938912476832
0.902076696120704,3.64528116101942e-07,9.93951534759126e-08,0.0776735937070651,0.208107939643675,0.395645934142897,0.390548869946522,0.682392708494035,1.44351699684769,0.947395359340615,1.11419603578133,1.22836687907771,1.35579332373883,1.21909106979003,2.57558072815831,1.98994423485732,1.60055935450462,0.00509027278427425,2.57473667119355,2.00916610738089,0.169946340400625,0.112121341060164,0.0409950313344443,0.0168269447125656,0.016745653989026,0.0323005455435484,0.0355070785484822,0.0698965551098082,0.235289125082584,0.196962403798207,0.115635669212753,0.11482525301722
0.474450603277938,5.17874382906198e-07,1.39458906594829e-07,4.7182639726597,6.39829155713075,14.0093761122026,27.3537016472382,52.4799642965204,25.8118312383252,47.2622157266222,33.7401317157388,483.973947679596,52.6643738578929,133.359244394905,41.3208096102813,49.5261168368032,45.0399089471739,0.00511396653480659,3.58738933194602,4.26558071713581,0.323587101652145,0.0782272823472202,0.0431413204630718,0.0361391805265242,0.0160435815462441,0.0416924130013988,0.00295804884748638,0.0565076050823583,0.0295724514345531,0.424133382294891,0.202633221513825,0.146786474124383
0.224977904773355,3.47618788676819e-07,7.81751277529996e-08,0.950092949537652,1.86239813893601,2.73454363831373,3.45304540314417,2.3688809701396,4.80001327301839,7.99700809845316,3.57684111555236,6.92135089879151,7.04021066121654,12.8747054163912,9.59925200878695,10.270575131944,12.5344271813617,0.00848620144545457,2.75006336661841,2.52579528623433,0.327327616631247,0.117487413888811,0.08807269825136,0.0462212260466286,0.0159330596777815,0.0490854242335898,0.0503151751222043,0.134032727999803,0.272206728878897,0.988957941082585,0.303695880009099,0.260513672707123
0.384722097230873,9.0561629222215e-07,7.80905786656512e-08,9.94341809073505,38.2433424296479,22.4088619080827,84.7314775622929,28.5341072224176,49.6558916655575,263.975132124731,307.24224984451,127.898519187237,684.735838273211,6204.99883503146,743.488142563775,136.523584734112,797.748930908592,0.0161124598338068,0.622236612212337,0.0980194325608935,0.0205510012999339,0.00523303524967787,0.0151026414034387,0.00515068871142197,0.0022845334295623,0.00416444393169492,0.021385276464896,0.00468614418593198,0.000332430127528032,0.00372424616416048,0.0261100907864798,0.000636605763406528
0.336018671307549,1.86061292817473e-06,2.03984097319931e-07,4.02020887067154,9.15004333390277,8.53128882204908,25.8396518119052,12.4768171185772,16.8427859179404,114.683337514663,105.57643217594,33.8983984790029,21.2115713415069,85.5168851682361,43.6409734058697,56.0084429249261,47.2497269049344,0.0156763334054017,0.0697274026012602,0.0205673687251137,0.067492098908521,0.0784180956927426,0.192222235824505,0.0292845393444845,0.00451244026065301,0.00956381416422959,0.00506709003356292,0.00686148138600473,0.000663770488541885,0.000186688271467536,0.000709003481087243,0.00266320209176263
0.183656032717519,4.57389518699556e-06,1.96363913429521e-07,17.3134723679371,65.3760827216165,237.686286074684,1472.30994596678,47.4495612046174,75.7111230492575,45.870618789858,97.679310857845,202.444160362208,331.819889485235,50.6189606999434,583.226401682369,85.2269607825914,89.6739633456478,0.0477428951656905,0.0191121329946307,0.00272196570215357,0.00218698419633636,0.000580278067912649,0.0212669081368493,0.00248491955779468,0.00319596671207363,0.00185074741622388,0.000480017618907058,0.000374345199321016,0.000403936043204549,2.2201230399022e-05,0.000316740166681364,0.00161082224784446
0.470679427336898,6.96074114110251e-07,1.67173429566805e-07,2.05055963761003,5.71312802794191,2.33733221009107,3.14777108409034,7.12269539531793,4.6839050248223,29.5103362870161,15.9016984490437,64.4735799304167,20.1949802637748,106.754240645424,45.104741322585,37.7184421764963,22.7690736206442,0.00748984262707259,0.505599713714415,0.209612392572087,0.616472333241927,0.180744790034536,0.108001257303404,0.0498487119765536,0.011273524161674,0.00986160451519117,0.00277524365199137,0.00578849190355823,0.00304287477659329,0.00983080569786598,0.0348529536353347,0.114956651388772
0.524085376085333,4.19247061415957e-07,1.1918843112412e-07,5.83548719086357,6.95225813735882,3.0068897014777,3.40388980921969,5.66580420937548,4.00666056313575,23.848320841836,39.2655166259484,15.4891664995713,26.3458479582353,15.4010842542766,15.9943661647037,8.87382674477808,10.5363133802679,0.00572525268477118,0.318595009470846,0.43985952789807,0.900113254252232,0.206548506736227,0.101675879740296,0.0743590177493165,0.0126957061654018,0.00531543151191259,0.0109401354028718,0.00638213702372788,0.0153849227565698,0.0235647972951405,0.0995597681236336,0.128811969602376
0.432531223447128,4.75329199732702e-07,5.40633536013869e-08,1.29101375516699,8.17966110871533,2.53679304316274,3.01325826886857,6.39683885457767,5.68852429862724,7.23675499525052,10.9654677135259,8.40143882481833,16.9186633823887,12.1528339091672,30.3396096003962,7.72464294607147,6.53995367776849,0.0098233498230585,0.580834341026476,0.189194954783904,0.944587707243783,0.315345466531501,0.0705464074311285,0.0956698732130579,0.0331156390812888,0.0182671344600827,0.0203192556050257,0.0123943173452138,0.0254932245285825,0.0199380529248975,0.200816578864202,0.276303964366435
0.533853729270046,8.85254521318538e-07,1.0693627904481e-07,2.0073695351684,3.63016764457107,4.56031311835778,17.6534938873567,12.4557149439513,12.8195201291082,6.59243093499891,16.6321667833831,9.09365346287414,59.2121783529556,6.69201692710849,17.2288789046584,19.6610739719855,238.475327027709,0.00840773824922769,2.45137553668864,2.92370671039089,0.324734599355845,0.0468836747670447,0.0509502976882082,0.032558025333267,0.105766431305952,0.0861946386574111,0.376079343831344,0.230055648225379,0.171479145618055,0.103266379811795,0.182184229527716,0.00770622060106681
0.413766792181577,6.49400193041643e-07,5.81492064175802e-08,1.46512151109186,2.47969457198205,5.59790674127081,771.676056418401,21.8373445452475,30.1735630976592,88.3741940056205,54.4208950458906,112.556945261139,56.4250027983467,34.2186048684148,53.3082943131451,107.209986664777,65.6862375730174,0.0214912388031915,0.944044136042879,1.59204854705893,0.673134099314117,0.000540066622094002,0.0158474049420135,0.0145306936828105,0.00353821122194641,0.00627545818203016,0.00787864966945215,0.0490223838585436,0.203782778211106,0.0899930987651902,0.0379955729905039,0.0806337622507636
0.770090116913905,1.68211823858692e-06,2.32839875267136e-07,8.68304901409799,137.052201349191,43.1874842812456,39.2257766257543,236.396132740966,27.3349090491136,27.6106628462877,22.2206055511071,48.2202207317216,143.49064131627,207.501081631625,46.8447260485506,51.2386264030464,40.9085030024215,0.00635297603776249,0.80923702617659,0.758647412161905,0.490641850856049,0.225339210414489,0.0316795780438011,0.0786791570971846,0.0244180920681848,0.0374175446560075,0.0224096970014871,0.0391807525109361,0.0394397537908279,0.073802826694552,0.046585917170198,0.0452012318804877
0.516480527147439,4.94778745098461e-06,1.58779058518799e-07,19.9402064381039,33.7287359001104,24.0713970190428,86.3914940569673,39.2910371916752,45.8553552300489,66.5400686685762,88.7693013773611,73.4745042467514,536.239522799011,83.5377916092266,56.1472415242558,67.1129475975535,40.1174439695714,0.032736672876722,1.19710464453175,0.42412828223067,0.0476642887994111,0.0247174499982833,0.0595115232449843,0.138705597976211,0.168308728302955,0.0675269209027558,0.0546267582362314,0.0046210574831686,0.0560190640998482,0.0430338014798548,0.0290471683393451,0.0087272864652793
0.384174274738562,2.6463758603338e-06,1.56989275483834e-07,3.77708932814333,4.67072815729002,10.0818072411572,5.68107674211909,7.59914721770443,5.74595634714588,18.9476408793745,43.113529430357,32.1859571140459,86.1942628542816,28.409058330529,46.9237841117077,67.8671652840013,70.3705728963564,0.0280345401110549,1.01098686697785,0.606926933837752,0.111932295242512,0.0592681291506509,0.0978208582210519,0.196311369105511,0.238066183408875,0.104788843045017,0.134150423407733,0.0298945442159964,0.013841610012701,0.0128437548030472,0.0270838224957713,0.01417249073323
0.367946136733212,1.73418420164297e-06,1.50726110510797e-07,5.0297495329434,4.39906189926983,4.03738801216684,5.65863614943207,21.5851416639369,11.9620942740448,9.98938020635381,131.272498185281,23.5637406197771,18.0756979755567,72.5667197433721,85.4517565481087,47.9301489930674,38.8799320747628,0.0182291707653889,1.08468299791838,0.617776818848374,0.16044303010647,0.0658367568246801,0.0637143653475579,0.209352123617207,0.415955587205051,0.0195892377360083,0.108079126467989,0.164998407583658,0.00429081282118755,0.00567713459666529,0.047749920612733,0.0214120517452991
0.442717602136159,4.04926672261566e-07,1.03332529441518e-07,2.91012757541851,6.78245069203008,5.19308269853874,7.29293929298893,5.91114079538526,7.90082303440464,14.5656672911172,16.7637692081185,46.4838877358509,78.7615219140275,60.5503739423652,70.7182669843136,69.4245329522315,57.3291698178156,0.00483633659466412,3.80983992510631,0.650159475180316,0.295125653012059,0.0849852873259052,0.11904482349074,0.128008574323689,0.136071020005257,0.183407603906129,0.237069523134408,0.73356274797706,0.207826679350287,0.245209240798141,0.280835877316301,0.128384303996825
0.421644059459126,6.40942743508742e-07,9.88096016576829e-08,4.28464667718979,5.39365554567377,5.03879869576226,2.02022781588101,3.16029026892178,2.26093071630081,8.04997362387169,31.3901417886772,10.635585120012,26.5602425252354,32.9269550457612,400.380567931038,63.916411683913,31.8266923817458,0.00949899817244008,5.24577745149834,1.10200759323862,0.332641425791792,0.480402137006805,0.321439742403121,0.349223692729366,1.34471635572823,0.894722617421842,0.874553232593389,0.26841575203042,0.212415170030486,0.00792856825439158,0.0246458443822087,0.0237424330738026
0.419346105033763,3.37701907014639e-07,9.95455548320237e-08,2.15133198330179,2.09653676227314,3.53505500498907,4.65905547945513,4.5583053558435,5.07588415490169,4.01113448328715,9.24174865057892,9.35411066534059,15.8801547756036,12.5530017431167,12.3068633869586,49.1892560700067,9.01877427123916,0.00528592691081079,4.23371632112455,1.45963643251278,0.677536558831832,0.288542626048345,0.350312261200141,0.291060900689888,1.19012452668473,1.87266378075614,1.17492363145431,0.83918605365893,0.42657646062285,0.24288987404067,0.03526641831739,0.165020947307357
0.220998583395971,3.26740026827044e-08,8.74409681712027e-08,0.953098998165693,1.81879092715353,2.5346060800647,2.51776984351711,3.59631609949157,4.61609498964648,4.56193835894362,5.04233704418362,5.23084737677757,7.85737461776389,6.82206800001137,7.80379889268286,21.1568510069158,15.7108362029254,0.00145389851770458,1.11839831694482,0.781147877709656,0.122420247913375,0.0885908823222038,0.0537505006818915,0.0663330588282836,0.104818362907042,0.21810127742224,0.481830979926458,0.172272885244274,0.176962367400833,0.095455589305283,0.0240449531577235,0.0176684425466287
0.387659596947942,4.18028571982881e-08,8.35803198820442e-08,1.43428831284668,1.77990462187452,4.61788495874249,3.09310659914874,4.91360386727792,4.45660147307836,5.1480288956692,4.91534156053817,18.3175489167919,19.2376810233657,10.8112352758005,44.598135659877,7108.80441042072,69.8745100291782,0.00149039998830853,1.25607810836428,1.27819340035085,0.0549507701219093,0.111044311090893,0.0610807301030934,0.10267310903112,0.150726257055416,0.55174139691958,0.295557321964152,0.229401921602261,0.277328161864882,0.0532799469544208,0.00015980218450784,0.0138901653235539
0.467895399780403,9.03262436935844e-08,2.72273198272377e-07,1.69993867597993,3.62155165449258,6.46379754713259,18.3651743045393,15.2119237274107,12.3190511070972,20.7598423067765,10.6754529746906,44.8311581640271,248.053418122712,63.9343345313134,226.523881104711,234.639623096333,149.863371781992,0.00128277393482457,1.50193105011682,0.480871010374903,0.137112211613491,0.0322640707382415,0.0325112541125011,0.0801431817852509,0.103696385967668,0.422184528823439,0.112591540719616,0.018906839743898,0.0578713367343046,0.0079958360452503,0.00511330129273531,0.00857284863592443
0.315584799257756,5.06402251302462e-08,1.4442173353792e-07,1.47151976703946,2.80902216195057,3.01396618000557,2.3709244696838,3.04093391187342,3.50717111905296,2.90380133156144,8.92065473024638,4.60018320035449,6.38211332778041,2.52664545333043,8.02541586336866,7.27198335874959,12.7043524202149,0.000669309361656503,1.52184539786489,0.853144723766802,1.41278696405448,3.25597644679147,0.739170784580329,0.226334181389874,0.174526628989936,0.0583542824316362,0.0891199952097212,0.0710307290700324,0.151164614548388,0.100390622913212,0.102904012515027,0.0874458139601694
0.324507717074489,6.60112038704939e-08,1.82886854780285e-07,1.07062057667781,2.13222935533575,2.44735652849244,1.65036855271276,3.22733521114658,2.81402943301561,8.50344453210014,98.4924156679861,17.5204515754602,6.82457629757577,3.96951200077531,5.38423197213702,8.37474697087197,5.0422609898256,0.000911068118337902,1.2829942604195,0.761874636735347,1.26752731788082,3.2329067059983,0.418461228987697,0.358511682829864,0.136007747512995,0.00308226789582757,0.0295593026090876,0.0541711747219172,0.0917116746041715,0.0707855990409836,0.0506711593012137,0.0589353132915508
0.322395116044134,6.50733902948898e-08,2.05302533426746e-07,0.934349668733502,1.65230100039271,2.29204990150207,1.47078730799324,2.98848026400624,2.98258141886534,4.70928997335747,4.79059823984904,4.30232950142789,5.75356622497093,2.53444486912751,4.47115016484676,4.12375732534775,4.82972917749761,0.00060810694403392,1.27965342970687,0.835287444895765,1.61701697097303,2.80362279719161,0.253208148790153,0.277054777893679,0.16316374855305,0.0877785239755787,0.0924952874209505,0.052019825408164,0.0723672452640747,0.0595674392104121,0.0759962308742194,0.0554708649716968
0.383366926740902,4.02835260804886e-08,1.46363603602295e-07,4.00085939666178,4.9644679936486,5.96807910166829,5.39587886181445,10.0595104397008,4.25501993742985,1943.94523252336,12.9630051232962,6.31563999342151,10.2259200788139,8.09139349045431,12.4417737674849,8.02973722570906,12.566502983855,0.000425275929425229,0.861604969222016,0.331856275321227,1.18179271767893,0.912430736793113,0.0844712063552397,0.0858853702084994,0.000130160339001444,0.0183851935858119,0.0292863900542844,0.0251104836191159,0.020892086200741,0.0124661519050233,0.0269913547416539,0.0324114019417987
0.340611073672412,5.71037140619254e-08,1.60462706448122e-07,2.16303294777044,1.2776940459133,3.03648714924679,2.81223793739317,4.02152213027716,4.44586004588402,5.41402817400633,25.9464049111504,23.5958523444513,7.28900719832367,11.5057605412263,7.94849618432329,13.2057970166146,8.1519394132801,0.000485777127347917,1.553655949529,0.430533065102026,2.00249860233164,0.828180511982031,0.0733907051797299,0.0515376398464084,0.0218629598893273,0.00412011916982429,0.00610612066035496,0.0118809691092559,0.0132703687247908,0.011542946618775,0.0122128630130846,0.0302958303438976
0.3355303722074,5.04787843901448e-08,1.17052747926019e-07,4.11075916169131,3.12673842439893,3.90722052956303,3.47436239747394,10.461754015983,30.7519052120367,11.071537046868,8.47468945454581,9.14715197612295,21.0143670495835,12.1336598999294,8.77955226755938,10.5927788928921,18.1396614974032,0.000644747889980808,1.07535964022623,0.693137287765386,1.35982799806507,0.60262005078146,0.0490884969769303,0.00645293427958389,0.0114106265667707,0.0101818999782161,0.0174558662639705,0.00371754530506208,0.0113820023184458,0.0233360344435521,0.0256184735697856,0.0198054003939122
0.355579309460844,3.22671500417258e-07,2.25649920383131e-07,8.58132774941645,9.38632242851723,6.31440822609359,11.2005485273829,11.4161309412383,6.41250052624168,47.705968829954,21.5942730039834,40.1660840776498,20.1954271702548,16.9701043257853,19.756583965323,119.487098972416,21.4558084663781,0.00185050319470181,1.89145971817714,4.09183410380875,0.414501547191242,0.118061371023639,0.0977087554461356,0.109107971231559,0.0288189801251127,0.0537776052087779,0.063965320349255,0.179707846790038,0.291824256561558,0.188862967473798,0.0144482774785583,0.114768658522297
0.467655571015709,1.46343257332384e-07,1.13147010462602e-07,3.80243679550017,6.39431474830011,6.23375017014522,7.0839953549134,10.2094173646033,19.3372355026591,12.8918066396116,13.7279337276842,36.6598233229441,33.4553611570036,1609.8134281284,88.5046374406276,40.778325292009,524.501219582095,0.00135715727356956,2.15154494986912,8.65674306208949,0.842318893819209,0.0523889961509867,0.110788718492026,0.0219899340050395,0.0603889599007799,0.141719761081816,0.0972016724926336,0.254454416368813,0.0025907448596896,0.0381984403206226,0.0425401715698116,0.00404948715933199
0.358735179531624,7.56605291881988e-08,9.46236154500043e-08,0.667660100890836,1.94070590283486,1.70037581609736,1.80459027654564,6.48042070434286,2.86833128116577,2.01712341893386,3.55552298757305,6.51852029064741,6.17762976439671,4.53737798677137,6.11407278681821,6.96206257799848,11.876367921277,0.00144576912611703,2.54307070794014,5.08012884511558,0.44282352447245,0.171700771267394,0.0539918181167203,0.122168881955155,0.132839447890228,0.112736582182507,0.198410261543884,0.468036587647861,0.286173407279203,0.319955019512863,0.297528682121612,0.0928755724352227
0.313400434482263,2.70314429223025e-07,9.27219951824932e-08,7.30141349775054,9.06329865573919,20.9858228464292,95.8791522085707,29.6908478715644,127.295467183907,63.8275129535795,74.2513005554589,94.2154751559695,232.664483864087,81.8586325583402,86.4976615362096,78.8502991677757,398.363044852292,0.00208767469810802,0.605670597494606,1.00255668317531,0.1212014115895,0.00691864522257361,0.0117857385381986,0.00394586826566609,0.00747756422335009,0.00504168366559744,0.00508879675804249,0.00523262342249442,0.0281228244466834,0.0326379423425989,0.0257356622943323,0.00691262918652678
0.22226234666017,9.06431120316581e-08,5.25132773252733e-08,0.874474032374381,2.058258214263,3.59906012433896,33.9913430802296,49.8982681651836,28.9669414068557,63.361364712575,93.8074840844464,36.7395621983991,32.8753969126491,36.678047857689,121.864135708429,207.473355766927,156.958462734534,0.00337117466230381,0.822816640940987,1.30476129927235,0.116867911669031,0.00646294938836876,0.0031024915612474,0.00338779445721179,0.00158631933122295,0.000570800908533165,0.00490523221502877,0.0612430167785991,0.0229421179213415,0.00574946368802551,0.00450028978142116,0.00860393284525932
0.374536054919487,6.60737689793071e-08,6.3930595884678e-08,2.84822365503496,4.41261801928655,6.94024692455092,3.91929686832954,8.17106367947826,6.20607552565479,9.61236006661064,7.28029508349526,12.7962798929217,6.45777659223665,7.0400544657758,9.91363611010218,7.28234918890475,9.64946339727842,0.0016881929647071,0.950486268285537,0.967880530977312,0.0966466185669908,0.0549881464635606,0.0267096390993756,0.0217944846612603,0.0143858009309949,0.0160794790684246,0.0131663428627487,0.0665938328006534,0.163639809260027,0.0836435570413913,0.0961168010747955,0.167030042307411
0.433179890088813,6.3853410108543e-08,1.69358460544726e-07,4.44269924310583,5.27794099606901,7.47230305049052,5.31220545954676,12.8431380581344,12.3055685224147,8.6358090582202,31.8223193857605,28.0485026312624,99.2537588549034,16.2867044115116,9.91734227496588,15.4742398791572,17.7393215927711,0.000650697192240871,0.605034707880279,1.19379653700331,0.531534986526105,0.130433102893424,0.0421767423026669,0.0385982132180565,0.024111977756878,0.00657549963630096,0.00410502952773286,0.00124718565163854,0.0115981991335091,0.0134081587342803,0.0136145922724172,0.0145271045716141
0.438983557324301,6.73642807926708e-08,1.18895433717244e-07,16.9903262949592,8.43381945561347,22.2157225865238,10.9659667857947,19.5144393592487,9.74366362814877,12.8045458663662,20.0459719514524,29.8634420937975,51.499296337016,22.8664450637577,20.2547614828607,28.478243926463,39.135901005897,0.000615669636074876,0.232200780731785,1.11211321397742,0.46322131052052,0.105431804419,0.0533074882428358,0.0496654955055948,0.0208768897777789,0.0122094352321966,0.00327791696757114,0.00366384843146097,0.0135138313584757,0.0140352752073591,0.0148262975044548,0.0195662383528555
0.344800645357325,4.91679877126136e-08,1.19156529356181e-07,9.38406940540305,4.0427781549023,7.84132511672235,5.83192876103785,8.50085925143792,7.75115973991862,11.7141691188415,183.829967708771,26.1522635346354,24.4731600013789,20.1306367688578,21.8085896648294,15.1910467709327,14.7449561322278,0.000617229600641807,0.212382721962358,1.76682369912897,0.721851307298584,0.150172983347028,0.0928529201679709,0.0723699532235932,0.0171195113254076,0.000438243426685193,0.00374597051628703,0.00572965592374447,0.00868339999004215,0.00954088743021225,0.0157748590756434,0.0257423992456127
0.542456393743806,5.7392765558005e-08,3.44884483726324e-07,7.77861998058652,280.470246075752,17.7131853022612,4.61710422544924,13.5196725026032,7.29816728299314,9.30263050980781,7.21270466802518,6.19021525048781,10.5786871333794,19.4634770757724,47.8781323402157,70.0183720067431,42.0674903024147,0.000220165236915884,2.32371477135464,0.02109513359449,0.437447912594337,1.75924200981091,0.255021108989731,0.115689924988708,0.121716564124188,0.190729011181851,0.113635881018287,0.0388317075078811,0.0202534372728372,0.00734936830594958,0.009973338727709,0.0259929778058615
0.495778939238829,6.30752792519057e-08,3.8660094092443e-07,5.17238203205035,6.79112569021308,7.35793189041888,4.70933036144881,53.8233539914034,6.52405275492058,11.2437747666857,1894.4157787919,9.07270588216455,14.5130614883516,1570.94983335618,126.428905945828,69.1475994117413,18.4588082568984,0.000230786275914555,2.73710543408102,0.658924538839364,1.52382624069664,1.06538013027903,0.0666779130308714,0.0820925697866047,0.133023283097354,0.0016329104760786,0.0991856647520502,0.0415400177921538,0.000230187975793568,0.00471244189921538,0.00547967379194056,0.0492462092773265
0.591188454613382,5.14299121986212e-08,1.63098154374728e-06,6.67987993805476,6.01006524928388,6.54534880402467,2.78058771663845,6.38241094143171,6.96692391200232,30.3589363706673,11.5250012386402,8.89167765864876,12.8429354028814,13.6388507383026,4.77434870636461,19.3875614117574,11.5035741519007,0.00019171480157814,3.38580086257325,0.424303738294941,1.07974551468767,0.901333096014745,0.276125984811127,0.074798970978691,0.0458933796601217,0.0533685241745117,0.0399524212487425,0.0425177232528197,0.027056733052192,0.0592564461764522,0.00814225747779805,0.0297610876709056
0.530229285124654,8.37413102701693e-08,2.62795537428545e-07,5.08617947592615,4.18191371472604,5.04487306810213,9.29699199728947,6.44442317683253,11.2410231554532,4.17399781602802,4.24871383133294,3.23165122951019,7.58961617818786,4.44139786660419,5.2627587874906,4.64696682217084,5.31425870226213,0.000573172182539749,1.52150157549959,0.978783501912454,6.76660533374294,0.611166170824552,0.295453797183077,0.0830579384446192,0.0717559885627978,0.0739565441085452,0.0541848495222009,0.0842666662370467,0.0489493182264084,0.066379997448974,0.0738846366270633,0.0961738591149187
0.651181368735341,8.21081960277175e-08,1.80223241666307e-07,48.6239901041641,1.51804766357827,2.12641233154074,6.48183503817026,1.50330227741108,3.95746961433638,3.69366937224008,2.21461909594542,2.50350227852618,2.59441623311549,2.20908761618293,2.39263791818283,4.02124325869608,22.7048574820677,0.000949631091004268,0.0717483574738259,2.36250659967518,2.57583532698525,0.102938361335723,0.439296395652275,0.108776269550507,0.0414125091715909,0.067693393398485,0.0654558927954613,0.046760118435787,0.0839088694308651,0.0911498545437722,0.0931689617490121,0.0204264184373286
0.574742503725871,6.38774552029631e-08,1.61731051183624e-07,3.29141588433273,2.48777368644508,5.00280509343571,6.09723018049223,3.36010769176269,7.29024725364594,12.9389282588847,6.098286943861,7.08124244181562,5.5671989983915,5.74339318926082,4.47377331376787,2.64199209192619,4.54715632199546,0.000619163972536459,2.06246610202775,1.09608576589147,7.64644540306397,0.534551004375849,0.291453292669832,0.0956484898784699,0.043387380824588,0.0673753590694928,0.054016766086885,0.06286926415603,0.0545648429925559,0.103573109014709,0.111632682711683,0.115294354965134
0.676907006151838,9.68930445322319e-08,7.12579388382816e-08,10.5458555574824,9.20125340361439,31.8344627727346,23.6522653492318,16.3348035998208,29.8640155292529,106.194896694219,56.6390152179424,44.9412989303327,23.2547685428914,27.2698321703093,23.4444649949091,19.9746723371349,54.9428557039194,0.000980580937562596,0.462409376675778,0.509471727771061,0.0910073429703017,0.0862894896721132,0.0836222953816117,0.0190628137983928,0.00332458775938051,0.00738599564810475,0.0104269582186271,0.0372265577396006,0.027220862880185,0.100839506653668,0.220521561895734,0.0684934543695072
0.649824728841772,8.41042878349003e-08,6.214592298558e-08,2.17744646132918,6.18677442440659,2.38398020157992,3.02933235365253,8.46270719285117,5.41275784969097,2.68315301504235,9.44069231323848,9.46902715125636,61.9429910627507,2.85454147190368,7.73141372861935,66.3892028743559,13.1352558027254,0.00150633513064301,0.382066398204841,0.155075275269359,0.141424467175096,0.0484066080798246,0.0257035075906105,0.0142358281361956,0.0192410829502641,0.0115971688280369,0.00805598696215963,0.00264367605933034,0.0323645998636593,0.0422726638727366,0.0615066464304351,0.0487622858317772
0.609253446429714,8.62865123866711e-08,7.42644054521869e-08,7.90156646851105,13.7971040170715,21.0105833961892,30.9708400762952,42.2974193530488,56.8262548488127,36.9544545917205,101.374699535045,142.617074453145,352.215094371042,152.773726328876,263.818334422567,96.7887421889452,118.205133295846,0.000948608985866544,1.11562764394763,1.05536943423178,0.47883617177699,0.0476674351561385,0.0554199456958433,0.0163107035554642,0.0266032809282748,0.00964376473806033,0.00540408481207882,0.00421820567704662,0.0111428582885588,0.0298717504826964,0.0576747043343069,0.0354802154538276
0.662950857468781,5.92644238868204e-08,9.57461343038671e-08,39.6314821528464,19.4852533837183,9.50407722334029,61.3675584027877,28.9118239997504,307.294876793126,47.7819876833295,59.3782011900045,62694.4306854905,70.9598651692323,221.072871250598,553.762965103218,827.584809552466,365.95790896508,0.000637329302568976,0.337838765781471,0.395156827002285,0.78016100480434,0.0366814863629233,0.0570611107352168,0.00452805849584067,0.0174774369635939,0.0142111567638894,5.71379342979691e-06,0.00834927668273502,0.003841618755308,0.00236320002182959,0.00306379171628223,0.0218713380515212
0.471973969082449,5.83060729969014e-08,6.24002746234622e-08,3.7729975434342,10.4746562617436,6.50368513211163,11.3631824542169,90.2789518605638,14.2817397557461,33.7171588226461,42.1897789482973,29.4866035807329,26.3561086204037,33.3621324662263,194.07776040655,137.364556503105,41.3394418239192,0.000903557263313003,1.41081545372598,0.13747603678897,1.42274098584943,0.359311993394782,0.0268882763876917,0.0397846971203997,0.0426125473788787,0.0199887842184987,0.0226638830623118,0.023163435801186,0.0279522170797052,0.00467479401186665,0.0153053954005464,0.0998444691791554
0.567256593225291,6.10616272249692e-08,5.69610736130829e-08,4.96625077874994,7.55070060077181,7.57318729840242,7.29392199676861,210.895932107905,38.7656945455501,22.6057434134751,23.9784591495056,21.1981381448033,175.352450775137,415.286238840384,32.4922582758662,69.3589209690372,149.410697560943,0.000859747042685528,0.952939189100494,0.286464839870032,0.646982743874352,0.450011047765388,0.00697390040785172,0.0244658646305388,0.0300388477577075,0.0225841531331111,0.0115045556653093,0.00256744669310206,0.00151507236699475,0.0208213046040601,0.0166626854450713,0.0143639313997426
0.314095830304153,3.31820656503376e-08,8.25651942155352e-08,5.10200604043682,6.76536557734479,4.18426427633086,1.80302838573189,4.93583469159277,9.69850506252831,7.19435847781131,11.0465189130089,4.59149410335605,8.96834748419944,14.2124837495572,41.7165773985869,16.0017294239056,78.7632027777643,0.000686220437006497,0.702235836204614,0.819410772827984,1.96360848873359,1.5177796875598,0.467673582969765,0.0404114244552102,0.0347420365507585,0.00754832007209242,0.0191210115596174,0.013537758981712,0.00601549340685659,0.00415846982594666,0.0102956745214577,0.0037455076648101
0.241342297364119,4.34334243580644e-08,7.05627063891553e-08,2.05606000082307,4.70591985939901,3.16145540918092,3.70687209209841,3.91575302482284,5.28955005654992,4.66941397659807,9.28409640321153,19.7895242181376,10.5407362897066,45.7069204228557,33.1578490802995,12.2595711003858,18.3467745029495,0.000981028667742203,1.22740461776335,0.768650042251743,2.19875803214508,0.509722194354097,0.287848477448985,0.057252400099982,0.0298594716259097,0.0189596879502331,0.00702073030490325,0.0151083735315093,0.00105775385743515,0.00411709482659234,0.0134620462956178,0.0174510357108881
0.340558802134246,4.76905924871714e-08,6.7470146028374e-08,3.65721139472391,3.08583349454734,2.4860395779095,7.17709692496433,1.92088512075907,7.67391564874173,15.6665989722439,17.4165573911409,33.8921765482698,27.6064941567104,31.9716480932788,19.5110024783229,17.6010633710998,21.132137160069,0.00123772625333558,1.30197155728123,1.01327616164403,2.96768735497902,0.42682647636907,0.359416990096977,0.0834603719024194,0.0225532505068866,0.0227323181584715,0.00988614716663407,0.0110821899688011,0.00752057626629252,0.0158103879921771,0.0201883654541944,0.0226146849266727
0.368700987078083,8.68978466834485e-08,6.76209766537432e-08,3.64375391406409,4.75231943825861,2.47733879063902,1.72434007811875,6.100247399552,5.44046872299802,5.0954699526191,3.10860810446245,5.08496809147846,5.75923243892422,8.08331990474074,40.0515528979374,18.7059462499269,11.6764840928735,0.00138242921263633,0.720258432549745,0.551225066714304,1.46948911774451,1.45048222750015,0.141768404553303,0.102817422944459,0.129696371540976,0.123960600197995,0.12209165811267,0.366498504029486,0.351632340445593,0.0675209025551078,0.0754799423159015,0.0418877845084165
0.337274578182889,1.76701560294518e-07,8.50632682885356e-08,2.02426148759369,512.143966774081,3.61435046061319,4.07377179906262,8.89013305499888,7.19559603774595,5.15148029275925,8.85789859458372,88.2284407579024,6.30492076372933,12.6980382698081,6.55538837333548,8.92156975636601,13.3706114748876,0.00237491811147498,0.589321712616454,0.00364184102596842,1.61335607852589,1.37371014604609,0.118674537984465,0.175894253279353,0.201016135923083,0.13190233514598,0.0581253688597928,0.51199521136786,0.180013152551438,0.129814760628979,0.0901349130155897,0.0793109488083059
0.311306020060134,1.27978326088134e-07,8.05354257467371e-08,3.40984091611175,2.49483448199742,2.1712408877311,2.99316936740476,5.51372584311845,7.58937204941499,3.8210727020979,2333.36757180937,3.25217480880086,4.65654146566478,9.51809273461039,22.7829183541886,6.67501908628658,12.4507998384189,0.00194244435679365,0.612063703001232,0.402852126448776,2.65781240598923,0.772738053267822,0.235790390695784,0.0874032535232105,0.130677571682945,0.000269216765781125,0.309859672016055,0.293106228271003,0.211694585276293,0.068333075707973,0.0910849462939192,0.0849599641594674
0.599318267379535,8.18771159849226e-08,5.47577860165512e-08,7.9883852020798,22.0050339424948,28.74893825674,20.0480925979493,15.6785723815197,66.9617628152814,108.352800654268,384.210145601397,62.1180659425684,1255.60784884916,85.3749757895894,24.1054234141671,24.3022598807595,38.4533301956296,0.00187401143567718,0.400090679510253,0.469180043338058,0.266379801001905,0.0769313370304851,0.0474488742489564,0.00563826399692091,0.00403753376025612,0.00202197829941652,0.0119825740687707,0.000972796989074619,0.0206343484228112,0.0379967068049047,0.0701889070855482,0.0851077958813822
0.512968038005722,9.37710325977122e-08,5.9609040948894e-08,7.19329564876286,11.8037907316859,12.6565192017429,25.2417541933414,15.3542791996593,162.747672375627,161.488555732402,80.5676687293432,98.2492394964098,56.5605596406729,148.216900776218,133.070666884967,283.433350676536,501.182915960785,0.00254462068834865,0.420001740037224,0.895514633076079,0.198010759886488,0.0528562888341542,0.0388582685203052,0.00140129782017383,0.00291973729240126,0.0048517879459215,0.00359312932391587,0.00921644672771562,0.00694687376570323,0.0497449913661658,0.023260849550227,0.0143966164546906
0.597947957376189,1.36562028515782e-07,7.82920261109622e-08,7.29598563769042,16.0227868768893,13.49482085232,13.6326095313424,17.076514973521,55.911261238093,20.6509816433183,30.0169802558529,54.6109266050142,1990.54456815783,50.1930298825428,71.7497196288459,93.6168803808477,42.0356005771777,0.00146008486579964,1.45470805121813,4.12444034492949,0.569583316223854,0.179789707285595,0.0306581475269332,0.0103279447813852,0.0235628943725684,0.0430720239862104,0.0190908457641411,0.000401135288106564,0.0627834803704523,0.174909835818507,0.0920081887069869,0.146671458332208
0.571262102609222,7.83853271506565e-08,8.26978839062039e-08,3.95533781632839,14.0020996683347,14.3943416797982,15.3658305563076,15.7446823961407,22.0214778363043,22.4770608693235,29.7911654995937,2723.35676829952,46.4961007348234,89.0658930966803,263.205630085654,788.500693404418,183.252937136427,0.000781565487078646,1.19070773508628,3.19548371944941,1.47946530273014,0.501018992658478,0.103887932767282,0.0459933334994032,0.0409266840960436,0.0182094182647363,0.000176843652670959,0.011164373531144,0.0179338185519492,0.00538512448229707,0.0145889186003743,0.0316430832568428
0.539640923597391,6.02171803246109e-08,8.40360414079268e-08,4.58759643225649,8.68652839583444,11.2478976729578,14.9222259178095,62.4128716719326,86.6123822580659,44.4657420481214,343.404356160344,613.08366623686,108.057825995963,144.408830090714,111.641775608736,192.506505823323,337.825580196758,0.000563404409929094,2.25665000904541,7.12835872573499,2.99328752156688,0.972165435210011,0.0418939809450379,0.0105344837075669,0.0289948965432488,0.00564239592419078,0.00200896946832519,0.025616070917626,0.0201635807040183,0.157010294368664,0.157343638105284,0.04430752751785
0.347316795520292,6.70561399687859e-08,8.81236420117641e-08,2.61846226932962,2.79640523338371,3.98154197685844,4.3121666804998,6.30551200539673,6.39058574160039,8.10944781616084,20.2265396435572,20.8914070069778,16.3555913590029,20.454453003179,30.1629491962683,41.2140058501548,42.0149642432382,0.000698130776194824,2.242283140878,7.35204751874754,2.67017989878439,0.987889983138897,0.150356140013248,0.0300657807160698,0.0357733330767481,0.0470328668215426,0.053772657464155,0.127848770141801,0.141351898963896,0.468991547909992,0.342326812720504,0.159255698178893
0.620192802453989,9.3760386132528e-08,6.67810552614622e-08,0.943837007260119,3.03145324084932,2.14210423095573,3.49485121373124,4.43384559874152,2.09188723294721,3.91855498819089,2.49650141876464,2.4760110880906,2.06012238311657,2.72792593956013,2.47413511943507,2.07175975320931,2.9435048237073,0.00239090155001319,1.27472586602818,2.47397498466061,1.3218629211236,0.305724745019476,0.178410401650903,0.1668893351212,0.0619351301848201,0.157172961062138,0.108300196360805,0.184293075306487,0.239745270933421,0.333619052952563,0.619352829735246,1.6206466164676
0.784271401538775,4.80109614109776e-07,2.05793479711933e-07,41.5853492009595,8.12124906853495,23.2606829953576,12.9229108513315,15.5615438455127,36.9300671765245,84.6163845000078,151.377392484125,147.485969821154,28.7726276225415,71.1504494251852,65.9919231034186,76.4744109996944,5.73495653902104,0.00271952731346717,2.45305039608269,6.0874108162246,0.460592948906584,0.124635744778937,0.0925202316892162,0.243678098618153,0.434822161434062,0.175584434588744,0.307440820290311,0.354170926239674,0.0824113292220222,0.146946514820998,0.404079301235692,2.00243849110944
0.661649023063254,5.38703876718903e-07,2.16970354797852e-07,4.30874283549202,5.52574356985051,12.7485940635707,9.24641554273472,15.8807634181275,18.5892673353574,20.3683459423939,24.4694750285351,39.7435406284575,27.6174944807425,88.425250904463,218.365832404283,193.889928079216,110.110634783543,0.00207184011655678,2.21391081412469,9.76596250080699,1.63649579859189,0.34072567480716,0.310334894764239,0.202271350089667,0.265680496367543,0.365929200880061,0.473817181383856,1.00107571397125,0.926870174084778,0.453098042785213,0.262355281536328,0.248408440809127
0.471422334112676,1.83171149823809e-07,1.45652378867477e-07,2.44847986649982,3.90357307693335,5.85942588281515,6.61933197720811,7.63188126866928,8.76145066495179,80.0059488061271,520.153786181887,25.0664077063011,79.2572806797988,17.1019586547803,24.3168943491849,34.599132947077,23.5624528979932,0.00245555234782107,0.61994970312337,1.68958720866845,0.379503351928067,0.0787137928449905,0.0327182673131187,0.0196345286156217,0.00464541799284754,0.00149089410378182,0.031701737970204,0.0173777124258748,0.153338114845455,0.194312786196666,0.0916604926653977,0.0751693498596931
0.527670153798431,2.01739486885284e-07,7.96690595749279e-08,3.38269314180976,6.59433606818801,6.390530220596,5.73985718845621,5.2480808960762,14.702423505256,8.85197522136741,4.72514343970421,11.2972484141887,17.02507749837,30.2592988486526,26.969906459927,41.0594334555836,26.7279172005858,0.00203841906682199,0.682563998233104,1.07516864090558,0.425824266296615,0.116925603766861,0.0338452882580694,0.0171593892367326,0.0308878052403036,0.0332467160420153,0.045213170153868,0.0427866943451763,0.061612894641922,0.213098115713145,0.0661211871536221,0.0589481677825313
0.560988278800142,2.21080181670642e-07,1.25553572807327e-07,8.4065508113965,31.6876936880669,214.913193071161,15.0750809055249,44.2891679291984,45.5075577411114,28.8669758229197,19.4874125361324,26.8089472814724,413.643215531064,371.862445162703,423.502433543504,51.8749385708873,51.512830796287,0.000964937288083944,1.2959662138501,1.14622824220541,0.00882350649571602,0.0633186690295728,0.00959488256716293,0.00394498519188402,0.0389894409790338,0.0579250415556505,0.0487091976413212,0.0174599307026934,0.0500678276383982,0.028889257089267,0.109477858922904,0.100286125391475
0.150738020145294,8.57363491996936e-08,5.56946192577584e-08,1.9712076191668,1.32854555485113,2.9626773731347,4.27439142873994,15.8963650400461,22.2264462537535,3.93530986274557,13.1097624149322,5.71433821293157,25.9790590054033,9.59843421473743,25.295166529668,27.5105072330338,18.6103699232104,0.00266396239552379,0.605007008885683,0.51101341166971,0.530005272392728,0.0592654298363707,0.00923274261487315,0.00623522723595675,0.0144781611392403,0.00580541425314383,0.00698135352281505,0.00284296969872766,0.0137061088012438,0.00532276126297748,0.0125827990608653,0.0312120261713885
0.18201657950039,9.12571127842672e-08,8.16189134225118e-08,3.83853999507112,4.52262897030343,3.29901170173431,6.57765553872315,35.0384712291965,20.8563575592806,12.7230866060722,11.0718408389677,11.1828351368779,16.3179465429542,15.43260108128,20.5545349716054,10.9798667524967,26.5427625112004,0.00108979148999328,0.277683123973921,0.541189998107031,0.372174497716991,0.0337305535432526,0.00486290074219516,0.00768696113566393,0.00422320458063261,0.00586640716998689,0.00660221759093192,0.00499133379838347,0.0047387172685928,0.00625294954681266,0.0225969837237032,0.0165804389453267
0.160051148342637,5.11443188154061e-08,5.46314642497175e-08,2.91233501747379,2.09990856179117,3.87165347325756,6.04189388866826,3.40928649881076,11453.0592239749,13.0854810232514,16.6259643309745,14.9504300830878,13.0411106344213,15.4249575455417,36.2541378587835,28.5338561334432,229.784451019297,0.00137015586154939,0.380936272032623,0.652047129358045,0.250794845061003,0.0145837956048011,0.0111204013999952,6.79378397197348e-06,0.00521887374499147,0.00304850756602353,0.00611603806111614,0.00661711983804432,0.00525381910513631,0.00365229897431015,0.0152359126170667,0.00226548867601069
0.63338952548262,8.54137507602769e-08,9.51354110160121e-08,17.427693586079,25.5859868974342,27.3121806987293,264.174632157775,42.1924592455138,285.381387447343,50.7511194598993,40.6488318056509,38.8189663823476,240.223161602306,140.25809630034,74.042552645765,111.416817292789,85.2675654003032,0.000759908881673854,0.721638732384157,0.803546847971908,1.40750310553937,0.0346013650796456,0.182126506981514,0.0084078581526072,0.0384062050073502,0.0176812152452625,0.0288732211669586,0.0139560779615842,0.0181876932776366,0.0647729340376716,0.13996895364328,0.409165344833175
0.512752033607923,7.63751223868884e-08,6.15743047797094e-08,7.34910925830895,6.49470820617498,7.7433115646141,13.5036256934621,15.6592780285701,20.4254880472738,23.5088259349346,26.2105710123518,22.4014811911982,48.0693604484939,122.826167510319,43.8256094870314,28.6524975426866,128.333319183514,0.00102063080057923,0.668653660959954,0.827136624536568,2.05738013877753,0.567779498795581,0.195708834743894,0.0541269478514688,0.0556974715841019,0.0416485897244198,0.0428916340050371,0.0558028184614073,0.0341538958617053,0.184181022764669,0.537650016638269,0.0579919204618376
0.899994411864072,6.86872973138899e-08,2.01646977484966e-07,2.49984628798468,0.947866961519056,1.52644204798711,2.54160417936087,2.96032959313337,4.62227260577632,7.67159892572494,3.51636675789031,3.07480089890656,3.9877552790006,5.4977473743431,3.4190314211846,6.48639638053066,13.9669378463552,0.00035760981098299,0.971723385470172,1.38518822736616,1.85666008446693,0.461807368779195,0.186012953680456,0.0515334510658919,0.0584248506014528,0.110948710929677,0.11896919379386,0.164679733783695,0.113471157984598,0.31398478949593,0.266576193758878,0.0846823616704707
0.320811193402427,2.48288108057596e-08,7.03728836127614e-08,1.30979309884718,1.55695989711699,3.89334832479147,2.41702599102697,5.69404413681367,2.31753257112045,5.05550181793331,4.7505172035099,3.50891459385122,7.52623367183738,4.64018291525021,9.4785566560154,4.04286508976313,8.12951546884598,0.000733467158021252,1.25918948007274,2.56583389862226,3.05238449473638,0.374538072017924,0.0935078596430422,0.1070992746282,0.034140638837407,0.0423493748377357,0.0654957988981365,0.0235898852451828,0.0640066585491433,0.0210952453098067,0.0645912548931386,0.0703644561055987
0.514613649264669,5.43698145690193e-08,1.20194417845367e-07,1.87880914210426,1.04185944175877,2.42463475438022,2.55349784242246,6.36480028618152,1.78933696524411,109.408184547846,6.59966847821006,10.297970940783,10.9959443663906,4.89585445468031,19.0790699682192,3.93764979447368,7.02434943325513,0.000814205273620543,1.00567988486441,2.45844915163079,2.22858668091797,0.397925519875774,0.0970890212795494,0.130642117726572,0.00304663303903975,0.0402920273281248,0.0421534570201545,0.0309673096560493,0.0980134977706616,0.0244042015378228,0.145913670241677,0.108175039198734
0.326410826418717,2.83446460954222e-08,8.94482441764176e-08,2.79005835208488,1.77309556470719,1.84582381396775,1.66263407531992,6.57766313348752,3.23719943122811,3.82151902731524,5.18918582083722,2.75009714986252,6.11280686450854,2.98684829873399,4.48555936941053,3.94772333226672,3.7082835622187,0.000659457570811091,1.00396255972949,2.43593050818083,3.5565192007819,0.446084632215855,0.119015402270834,0.154184400613133,0.0416426924190748,0.0355695002006622,0.0675591183978673,0.0338897988495016,0.0775180550382221,0.0429628340654481,0.15397257261145,0.193253601301611
0.616005954704222,9.344763262737e-08,7.16718526277329e-08,6.37394402684216,10.0049394402697,11.29514155208,12.4361537261902,29.5103755372268,42.2661032929927,40.1301251970033,38.6328041051653,47.4851052170677,39.5620437767841,85.6373001278747,32.2994522166417,85.8886493700405,62.9140124000485,0.00105601513228506,0.788851577585711,2.160384371776,0.778656109398246,0.393831357447249,0.0749284676306829,0.0292820547576927,0.0317084006853961,0.0552303980715974,0.0411471421222063,0.045130291803462,0.0311766037117475,0.131090247824386,0.141766449357118,0.168135119835795
0.567006941788333,9.85316736143676e-08,8.36157466386795e-08,10.4072253943259,12.2597049389954,23.6088410590878,53.623409030564,26.7483070533528,37.0602335187364,57.0535785666672,52.1751677627985,44.3045543189527,38.1292831779428,84.1834736896541,58.4311980941239,54.6479305226945,49.1888827560577,0.000700959068607224,1.20109095132933,2.66614710027898,0.391674957540423,0.114296658248358,0.0338037448562131,0.0249630848081546,0.0130886470019464,0.0354446827543237,0.038466490500315,0.0398260627589694,0.0575441327112106,0.242827289418669,0.170074182998443,0.181975375468863
0.545526445218811,4.89125678815892e-08,9.4466615919873e-08,2.57128899814245,3.48345493140146,5.98504076455694,7.15086612810338,20.1927932670406,68.8149259760735,32.7797382501434,26.9052225898378,22.6420848709877,74.9641388133057,22.4844712769963,35.0292794120741,27.3894640090582,43.9300659485306,0.000460535651088831,1.42152596638829,4.14820771361355,0.464893838923125,0.328780133157138,0.0638092205836186,0.0168476726339921,0.0481893106356361,0.0531380094150092,0.0678635854346274,0.0279217842486068,0.114391620998523,0.426592758009369,0.45960674935616,0.286249275027442
0.370623666349906,4.70027835068414e-08,7.0348352088396e-08,2.16652607979404,87.991044967825,60.0134178163459,54.2687966384017,801.146656639094,255.924498968375,331.656390127155,5367.19030643518,539.379015204784,80.5818930389068,82.8837771933197,54.5468983968768,47.128425044926,169.393778623766,0.0010127377832208,1.96236089642177,0.0552903313229519,0.0267934319854063,0.0148778320890186,0.000141280596751869,0.000649972643067251,0.000641126524245451,3.24331267641167e-05,0.001410570189831,0.0105395317892083,0.0191661167109492,0.0636760936907029,0.141796109106871,0.0161139366031512
0.592475718783299,6.9808409334167e-08,1.83904799624087e-07,5.08827886803186,29.002041934295,13.6446552233733,22.4039708518336,32.9459432738595,47.4738290997506,42.4146232884467,63.5884169519896,52.3234921027065,59.4749103483496,74.257014522155,75.4137484872418,79.220558982218,72.0339365189204,0.000330424562251896,2.77755295493825,1.309458389508,0.292652006316229,0.153128026379497,0.0331079727513348,0.0290704787363978,0.0502407965745748,0.0573078035168291,0.191328818964487,0.181254544463971,0.193343400567919,0.455679774541467,0.381939678652432,0.213805813529278
0.509421764106945,8.85137455497137e-08,1.96673024327226e-07,22.0737137904225,70.6373427899519,24.137712477512,68.0301144601221,58.0137946309246,70.4351554504466,236.57259559027,221.366953758023,194.192118431043,157.212850415871,161.768025104152,48.9473074309278,59.0967416458935,199.480485276886,0.000479125278218487,2.65548166286885,0.543260024138678,0.156297359711367,0.0372007575177631,0.167009330420159,0.0198870160287296,0.0641678789405453,0.14964946424948,0.25404660451132,0.188627015806837,0.259665300763676,0.41824249876764,0.22921773774418,0.0422734943282017
0.254812393322546,4.81254050210766e-08,1.11704349219245e-07,1.38055913661737,2.98952733111453,2.78306122451269,1.95299844342061,3.53064232541983,5.06094196878289,11.4101966714685,2.87498286350327,6.24110100658265,3.61805987288155,7.78396906836584,6.47678537923348,9.6771629910694,8.83079168718447,0.000692217781214795,0.720206155708489,0.344555277502618,0.0474368451729716,0.0670987542246678,0.0294315397892757,0.020649824743068,0.0106464915932444,0.0378124418793016,0.0295047456590616,0.132576850859625,0.202517127075984,0.066251429667159,0.069953249767992,0.0841311888990789
0.36626805346758,1.11609858612984e-07,8.24193810500327e-08,2.74120703444646,1.63118158973869,3.8642660268651,7.91280450269525,6.17707875463179,3.56627907833711,4.48668441689733,3.12352784117479,3.5621148850417,11.1970953568425,4.68248715690045,5.02694780507003,5.69042709450272,7.24301402868717,0.00235307001717636,1.58116837579343,0.662159785063853,0.240308322018213,0.0516996868075212,0.0476701531414161,0.0739499902972985,0.165547452425595,0.47631054414213,1.08649304968336,0.253510996659168,0.527205385056588,0.510889926634558,0.240815182932724,0.0979034337700867
0.351050648241458,1.47287010114114e-07,7.44404197635418e-08,1.6575261790437,2.26230928666997,1.88194901109947,3.66811561942547,8.10630518502589,3.50021870144401,8.008461062183,5.13065679881974,12.5937773632365,11.0177451180234,10.4380142942969,16.7627505540596,17.003126221843,23.0598003359682,0.00346250276782122,1.55513189364847,1.54080375880266,0.186193237858146,0.0858058583711632,0.040856704585601,0.0849428956396589,0.25053756811735,1.0868927824079,0.48362118733491,0.410039153709591,0.436941242556902,0.138784128771674,0.071369584685065,0.068493833572617
0.418126607002787,2.81003287972281e-08,1.12794075531113e-07,1.10226618832766,1.86976246222634,3.71195639597285,6.12677394260236,2.10462859003022,5.80736391450057,4.57449309617447,5.4402864573355,3.70489897661635,4.46713759567843,6.32539990208481,5.44970049270662,6.08319020560258,8.80341387297488,0.000446501220646202,2.53555003167083,1.06441989065068,0.227969653547214,0.106092061144362,0.107181748491927,0.0820213334420391,0.0762119680845977,0.0950150802081682,0.198742879857508,0.288924115954611,0.481509829268503,0.614907989217479,0.549782243736871,0.395819376988857
0.252453239070211,4.33112534292055e-08,1.08891499353492e-07,0.8542121570255,1.94221216580035,2.00853409253561,2.39630548770726,1.72761094951047,1.90956649810124,1.89237613527632,3.34021877824865,4.48689559874214,4.38427534650137,6.50437833871938,3.35940051390983,5.61498019932516,4.29297814815381,0.000674264357275533,2.11736202724179,0.464001116644058,0.148180521451457,0.0813140137244834,0.0766969899169438,0.0625148093131779,0.0940294650698753,0.10156148583535,0.213238913276333,0.90097026414695,0.25856085081999,0.364526962150503,0.418128641423261,0.494792736722122
0.135744466949468,3.645683355206e-08,7.93896526037576e-08,1.3355723262654,1.31016852407203,2.64966217856035,2.50814201016396,1.95271062211514,3.79237786282794,2.27547842859776,2.85233078845699,2.97202955151343,2.6974527597496,4.60000583778317,4.34221373435641,4.48041662083895,5.17035562497427,0.00102596032340661,2.45702138361832,0.380461405969904,0.0953442264982068,0.0601143801024088,0.056937377082256,0.032237596217417,0.0520437419628946,0.0672470474903562,0.13323274570357,0.384467908319827,0.141295618702839,0.245159904030013,0.332232792687484,0.193636210377731
